{"cameraMode":{"drawMode":0,"name":"Shaded","section":"Shading Mode"},"sceneLighting":true,"audioPlay":false,"sceneViewState":{"showFog":false,"showMaterialUpdate":false,"showSkybox":false,"showFlares":false,"showImageEffects":false,"showParticleSystems":true},"in2DMode":false,"pivot":{"x":-1.5260581970214844,"y":-7.3911590576171879,"z":0.5783271789550781},"rotation":{"x":-0.08011841773986817,"y":0.9187781810760498,"z":-0.2486594021320343,"w":-0.2960323393344879},"size":36.93671417236328,"orthographic":false}