{"cameraMode":{"drawMode":0,"name":"Shaded","section":"Shading Mode"},"sceneLighting":true,"audioPlay":false,"sceneViewState":{"showFog":false,"showMaterialUpdate":false,"showSkybox":false,"showFlares":false,"showImageEffects":false,"showParticleSystems":true},"in2DMode":false,"pivot":{"x":-4.315756797790527,"y":-2.6188340187072756,"z":-7.171017169952393},"rotation":{"x":-0.0806649848818779,"y":0.91849684715271,"z":-0.29352128505706789,"w":-0.2524225413799286},"size":10.351455688476563,"orthographic":false}