{"cameraMode":{"drawMode":0,"name":"Shaded","section":"Shading Mode"},"sceneLighting":true,"audioPlay":false,"sceneViewState":{"showFog":false,"showMaterialUpdate":false,"showSkybox":false,"showFlares":false,"showImageEffects":false,"showParticleSystems":true},"in2DMode":false,"pivot":{"x":-0.284210205078125,"y":0.8254928588867188,"z":0.44689130783081057},"rotation":{"x":-0.13320443034172059,"y":0.8618233799934387,"z":-0.2926083505153656,"w":-0.3923335373401642},"size":6.955745220184326,"orthographic":false}