{"cameraMode":{"drawMode":0,"name":"Shaded","section":"Shading Mode"},"sceneLighting":true,"audioPlay":false,"sceneViewState":{"showFog":false,"showMaterialUpdate":false,"showSkybox":false,"showFlares":false,"showImageEffects":false,"showParticleSystems":true},"in2DMode":false,"pivot":{"x":0.13665771484375,"y":-9.360523223876954,"z":5.591827392578125},"rotation":{"x":-0.11586130410432816,"y":0.8755203485488892,"z":-0.25965553522109988,"w":-0.39066746830940249},"size":60.41252136230469,"orthographic":false}