{"cameraMode":{"drawMode":0,"name":"Shaded","section":"Shading Mode"},"sceneLighting":true,"audioPlay":false,"sceneViewState":{"showFog":false,"showMaterialUpdate":false,"showSkybox":false,"showFlares":false,"showImageEffects":false,"showParticleSystems":true},"in2DMode":false,"pivot":{"x":0.2791328430175781,"y":-2.3571853637695314,"z":-3.2494144439697267},"rotation":{"x":-0.13116611540317536,"y":0.8535823822021484,"z":-0.2587313652038574,"w":-0.43273186683654787},"size":23.132919311523439,"orthographic":false}