{"cameraMode":{"drawMode":0,"name":"Shaded","section":"Shading Mode"},"sceneLighting":true,"audioPlay":false,"sceneViewState":{"showFog":false,"showMaterialUpdate":false,"showSkybox":false,"showFlares":false,"showImageEffects":false,"showParticleSystems":true},"in2DMode":false,"pivot":{"x":33.36568832397461,"y":3.3488969802856447,"z":39.14974594116211},"rotation":{"x":-0.07608499377965927,"y":0.870661199092865,"z":-0.14256912469863892,"w":-0.4646225869655609},"size":9.375754356384278,"orthographic":false}