{"cameraMode":{"drawMode":0,"name":"Shaded","section":"Shading Mode"},"sceneLighting":true,"audioPlay":false,"sceneViewState":{"showFog":false,"showMaterialUpdate":false,"showSkybox":false,"showFlares":false,"showImageEffects":false,"showParticleSystems":true},"in2DMode":false,"pivot":{"x":-0.3084869384765625,"y":-0.8816337585449219,"z":-1.4090876579284669},"rotation":{"x":-0.0730871632695198,"y":0.9261342287063599,"z":-0.28072264790534975,"w":-0.2411229908466339},"size":15.052078247070313,"orthographic":false}