{"cameraMode":{"drawMode":0,"name":"Shaded","section":"Shading Mode"},"sceneLighting":true,"audioPlay":false,"sceneViewState":{"showFog":false,"showMaterialUpdate":false,"showSkybox":false,"showFlares":false,"showImageEffects":false,"showParticleSystems":true},"in2DMode":false,"pivot":{"x":-4.673890113830566,"y":-3.890322685241699,"z":-10.280305862426758},"rotation":{"x":-0.05652286857366562,"y":0.940037190914154,"z":-0.2757245600223541,"w":-0.1927090734243393},"size":10.607399940490723,"orthographic":false}